ID_Venta,Fecha,ID_Cliente,ID_Producto,Cantidad,Canal_Venta
1001,2025-07-14,C013,P02,1,Distribuidor
1002,2026-03-18,C046,P07,4,Sitio Web
1003,2026-04-24,C111,P12,2,Tienda Física
1004,2025-04-11,C008,P07,2,Distribuidor
1005,2025-12-14,C103,P14,1,Tienda Física
1006,2025-09-12,C025,P04,1,Distribuidor
1007,2026-04-05,C018,P07,1,Tienda Física
1008,2025-10-13,C060,P04,3,Tienda Física
1009,2026-03-30,C104,P14,2,Distribuidor
1010,2025-04-11,C007,P11,2,Distribuidor
1011,2025-01-16,C012,P15,1,Tienda Física
1012,2025-06-20,C053,P08,4,Sitio Web
1013,2025-08-07,C111,P07,3,Tienda Física
1014,2025-06-18,C049,P01,1,Sitio Web
1015,2025-09-29,C119,P13,1,Sitio Web
1016,2025-10-20,C055,P12,1,Distribuidor
1017,2026-07-24,C085,P12,1,Sitio Web
1018,2025-06-08,C025,P05,2,Tienda Física
1019,2025-03-01,C075,P12,1,Distribuidor
1020,2025-03-04,C096,P06,1,Tienda Física
1021,2025-02-21,C075,P08,2,Distribuidor
1022,2026-06-28,C021,P01,1,Distribuidor
1023,2025-03-24,C109,P03,1,Tienda Física
1024,2025-03-11,C087,P14,1,Tienda Física
1025,2026-02-18,C016,P15,1,Distribuidor
1026,2025-09-10,C075,P10,3,Tienda Física
1027,2025-03-25,C054,P11,1,Distribuidor
1028,2026-08-02,C067,P06,2,Sitio Web
1029,2025-07-29,C086,P12,2,Sitio Web
1030,2025-09-02,C034,P07,1,Tienda Física
1031,2025-11-04,C059,P06,2,Tienda Física
1032,2025-01-10,C059,P10,1,Distribuidor
1033,2025-04-13,C010,P09,1,Tienda Física
1034,2026-06-03,C034,P03,4,Sitio Web
1035,2025-03-12,C113,P04,4,Sitio Web
1036,2025-10-19,C021,P08,3,Distribuidor
1037,2025-11-06,C079,P13,1,Distribuidor
1038,2026-06-26,C002,P11,1,Distribuidor
1039,2025-11-03,C120,P11,2,Tienda Física
1040,2025-05-18,C034,P02,1,Tienda Física
1041,2026-07-21,C020,P05,1,Sitio Web
1042,2025-08-04,C092,P06,1,Tienda Física
1043,2025-09-28,C065,P08,1,Sitio Web
1044,2025-02-22,C012,P11,4,Sitio Web
1045,2025-10-11,C006,P01,1,Sitio Web
1046,2025-05-14,C082,P05,2,Tienda Física
1047,2026-03-29,C071,P12,1,Sitio Web
1048,2026-07-29,C002,P02,2,Tienda Física
1049,2025-06-02,C070,P01,2,Sitio Web
1050,2026-08-20,C071,P03,1,Sitio Web
1051,2025-05-11,C006,P05,4,Sitio Web
1052,2025-02-10,C116,P06,3,Tienda Física
1053,2025-09-13,C086,P02,4,Sitio Web
1054,2026-07-28,C114,P14,3,Sitio Web
1055,2025-06-08,C119,P15,2,Tienda Física
1056,2025-06-16,C103,P13,4,Tienda Física
1057,2026-02-27,C004,P03,1,Distribuidor
1058,2025-12-07,C101,P15,1,Sitio Web
1059,2025-09-12,C035,P03,1,Distribuidor
1060,2025-04-21,C049,P14,1,Tienda Física
1061,2026-04-27,C029,P04,1,Sitio Web
1062,2025-12-25,C040,P14,1,Tienda Física
1063,2025-08-17,C004,P11,3,Tienda Física
1064,2026-02-13,C043,P05,1,Tienda Física
1065,2025-10-13,C045,P11,1,Distribuidor
1066,2026-02-14,C087,P14,2,Distribuidor
1067,2025-12-06,C004,P02,1,Sitio Web
1068,2025-07-02,C075,P05,3,Tienda Física
1069,2025-04-22,C077,P07,1,Sitio Web
1070,2025-11-18,C056,P10,5,Distribuidor
1071,2025-04-29,C050,P15,3,Distribuidor
1072,2025-07-14,C033,P01,1,Distribuidor
1073,2026-03-23,C001,P09,1,Distribuidor
1074,2025-07-21,C047,P07,3,Tienda Física
1075,2025-12-05,C080,P06,2,Distribuidor
1076,2025-05-08,C093,P15,2,Sitio Web
1077,2026-06-04,C040,P11,3,Sitio Web
1078,2025-12-01,C052,P12,1,Sitio Web
1079,2026-07-22,C017,P04,1,Sitio Web
1080,2026-01-24,C087,P12,1,Tienda Física
1081,2026-08-06,C039,P07,3,Distribuidor
1082,2025-01-01,C039,P05,2,Tienda Física
1083,2026-03-17,C101,P10,1,Distribuidor
1084,2025-11-26,C060,P08,1,Sitio Web
1085,2025-08-07,C066,P08,1,Distribuidor
1086,2025-06-23,C085,P02,1,Sitio Web
1087,2026-06-12,C085,P11,2,Distribuidor
1088,2025-12-10,C012,P14,2,Tienda Física
1089,2025-11-14,C029,P13,3,Tienda Física
1090,2025-05-31,C004,P01,1,Tienda Física
1091,2026-05-02,C079,P14,1,Tienda Física
1092,2026-04-12,C054,P15,2,Distribuidor
1093,2026-08-13,C025,P12,3,Distribuidor
1094,2026-01-29,C064,P07,2,Tienda Física
1095,2025-06-01,C084,P12,3,Tienda Física
1096,2025-04-20,C100,P07,1,Tienda Física
1097,2025-06-30,C103,P12,2,Distribuidor
1098,2026-04-21,C007,P09,1,Tienda Física
1099,2025-05-05,C059,P03,1,Sitio Web
1100,2026-06-28,C072,P10,1,Sitio Web
1101,2026-03-30,C079,P14,1,Distribuidor
1102,2026-06-01,C055,P14,2,Distribuidor
1103,2026-04-02,C115,P03,1,Distribuidor
1104,2026-05-02,C058,P05,2,Tienda Física
1105,2025-10-11,C099,P13,4,Distribuidor
1106,2026-05-12,C081,P04,1,Sitio Web
1107,2026-03-27,C010,P12,1,Sitio Web
1108,2025-08-29,C035,P06,3,Sitio Web
1109,2026-07-08,C011,P03,1,Tienda Física
1110,2025-08-25,C050,P12,1,Tienda Física
1111,2025-08-08,C009,P07,1,Sitio Web
1112,2025-12-05,C070,P08,1,Sitio Web
1113,2025-03-05,C027,P14,4,Sitio Web
1114,2026-02-03,C116,P13,3,Distribuidor
1115,2025-01-21,C110,P15,2,Distribuidor
1116,2026-01-25,C062,P01,3,Sitio Web
1117,2025-11-02,C097,P07,3,Sitio Web
1118,2026-07-06,C096,P12,1,Distribuidor
1119,2025-08-14,C063,P04,3,Sitio Web
1120,2026-03-23,C063,P01,2,Sitio Web
1121,2025-12-11,C086,P11,3,Sitio Web
1122,2025-06-19,C108,P08,3,Tienda Física
1123,2026-07-01,C004,P15,1,Sitio Web
1124,2026-08-01,C085,P01,1,Tienda Física
1125,2026-03-15,C018,P14,1,Sitio Web
1126,2025-07-06,C007,P05,1,Sitio Web
1127,2025-12-02,C028,P08,3,Sitio Web
1128,2025-12-12,C098,P15,3,Sitio Web
1129,2025-10-12,C097,P14,1,Sitio Web
1130,2025-09-16,C107,P02,2,Sitio Web
1131,2025-01-20,C096,P09,1,Tienda Física
1132,2025-12-25,C029,P11,1,Tienda Física
1133,2025-02-11,C097,P01,1,Tienda Física
1134,2025-07-24,C108,P01,1,Distribuidor
1135,2025-06-06,C031,P03,4,Sitio Web
1136,2025-04-28,C073,P04,1,Sitio Web
1137,2025-09-20,C099,P06,2,Tienda Física
1138,2025-04-28,C100,P14,2,Tienda Física
1139,2025-11-15,C014,P10,1,Tienda Física
1140,2025-11-16,C074,P11,5,Sitio Web
1141,2026-02-11,C092,P04,4,Tienda Física
1142,2025-09-06,C014,P12,1,Sitio Web
1143,2025-05-04,C102,P10,1,Tienda Física
1144,2025-12-22,C069,P07,1,Distribuidor
1145,2026-01-15,C009,P09,1,Distribuidor
1146,2025-12-16,C002,P14,1,Sitio Web
1147,2026-05-17,C014,P07,2,Sitio Web
1148,2026-04-16,C091,P03,2,Sitio Web
1149,2025-06-30,C094,P09,1,Distribuidor
1150,2025-10-04,C079,P13,1,Distribuidor
1151,2026-05-11,C060,P07,4,Distribuidor
1152,2025-10-02,C042,P14,1,Tienda Física
1153,2025-03-30,C036,P15,1,Sitio Web
1154,2025-09-07,C097,P08,1,Distribuidor
1155,2026-01-24,C044,P01,5,Sitio Web
1156,2025-11-29,C024,P08,1,Tienda Física
1157,2025-12-30,C103,P05,2,Sitio Web
1158,2025-10-14,C113,P10,3,Distribuidor
1159,2025-10-10,C072,P01,1,Distribuidor
1160,2025-07-15,C011,P04,2,Distribuidor
1161,2026-02-21,C063,P09,1,Tienda Física
1162,2026-05-03,C083,P12,2,Sitio Web
1163,2026-04-04,C102,P01,2,Tienda Física
1164,2025-10-29,C029,P07,2,Distribuidor
1165,2025-09-07,C040,P11,1,Distribuidor
1166,2026-01-13,C061,P09,3,Distribuidor
1167,2025-12-19,C055,P12,1,Distribuidor
1168,2025-12-05,C046,P12,1,Sitio Web
1169,2025-10-05,C040,P05,1,Tienda Física
1170,2025-05-04,C093,P04,2,Sitio Web
1171,2025-05-03,C096,P09,2,Distribuidor
1172,2025-07-09,C025,P04,1,Distribuidor
1173,2026-05-11,C036,P12,2,Distribuidor
1174,2026-06-22,C077,P05,1,Tienda Física
1175,2025-07-18,C038,P04,2,Sitio Web
1176,2025-07-03,C039,P01,1,Distribuidor
1177,2026-07-01,C017,P05,2,Tienda Física
1178,2025-02-25,C071,P05,1,Distribuidor
1179,2025-05-10,C082,P14,4,Sitio Web
1180,2025-04-16,C112,P01,1,Distribuidor
1181,2025-10-19,C061,P08,1,Sitio Web
1182,2025-12-15,C024,P01,1,Sitio Web
1183,2026-05-05,C015,P14,4,Tienda Física
1184,2026-02-15,C063,P02,3,Distribuidor
1185,2025-02-24,C020,P03,1,Distribuidor
1186,2025-11-08,C011,P04,2,Tienda Física
1187,2026-07-26,C098,P07,3,Distribuidor
1188,2025-08-20,C100,P09,2,Sitio Web
1189,2026-04-07,C117,P08,2,Sitio Web
1190,2026-03-16,C040,P10,1,Distribuidor
1191,2025-03-03,C079,P12,1,Tienda Física
1192,2025-08-01,C081,P04,3,Sitio Web
1193,2025-03-25,C021,P04,4,Tienda Física
1194,2026-07-20,C010,P03,2,Tienda Física
1195,2026-02-23,C058,P12,1,Distribuidor
1196,2026-04-27,C038,P01,1,Tienda Física
1197,2025-10-23,C091,P05,2,Distribuidor
1198,2026-04-10,C010,P11,3,Tienda Física
1199,2025-09-28,C101,P13,3,Distribuidor
1200,2025-07-22,C055,P02,3,Distribuidor
1201,2025-08-19,C083,P03,2,Sitio Web
1202,2025-05-26,C010,P01,1,Tienda Física
1203,2025-11-11,C077,P12,1,Distribuidor
1204,2025-10-23,C057,P02,3,Sitio Web
1205,2025-11-08,C090,P07,2,Sitio Web
1206,2026-05-28,C070,P08,1,Sitio Web
1207,2025-03-24,C077,P01,1,Sitio Web
1208,2025-11-27,C078,P05,2,Tienda Física
1209,2025-04-04,C030,P11,1,Distribuidor
1210,2025-01-22,C098,P11,1,Sitio Web
1211,2026-08-14,C006,P13,2,Tienda Física
1212,2026-04-27,C067,P11,2,Sitio Web
1213,2025-10-12,C024,P10,2,Sitio Web
1214,2026-05-19,C012,P08,1,Sitio Web
1215,2026-02-23,C043,P06,2,Distribuidor
1216,2025-04-18,C110,P03,1,Sitio Web
1217,2026-02-26,C089,P08,1,Sitio Web
1218,2026-02-15,C105,P13,2,Distribuidor
1219,2025-02-07,C059,P02,2,Sitio Web
1220,2025-09-16,C042,P02,3,Sitio Web
1221,2026-06-11,C106,P01,2,Distribuidor
1222,2026-07-10,C060,P07,2,Tienda Física
1223,2025-07-12,C067,P06,1,Distribuidor
1224,2026-05-26,C081,P08,1,Tienda Física
1225,2025-07-28,C035,P09,1,Tienda Física
1226,2025-10-22,C057,P15,1,Distribuidor
1227,2026-05-12,C016,P01,5,Distribuidor
1228,2025-09-03,C091,P03,1,Sitio Web
1229,2026-07-19,C002,P09,3,Sitio Web
1230,2025-04-06,C029,P14,2,Tienda Física
1231,2026-04-18,C016,P11,3,Tienda Física
1232,2026-05-26,C120,P12,2,Sitio Web
1233,2026-06-06,C091,P05,2,Sitio Web
1234,2026-05-10,C061,P04,1,Sitio Web
1235,2026-07-19,C019,P07,1,Tienda Física
1236,2026-06-05,C096,P15,2,Tienda Física
1237,2025-03-13,C036,P13,1,Sitio Web
1238,2025-12-15,C120,P13,1,Distribuidor
1239,2025-10-01,C106,P01,2,Sitio Web
1240,2025-11-02,C108,P10,1,Distribuidor
1241,2026-05-17,C111,P03,4,Sitio Web
1242,2026-07-06,C062,P06,4,Sitio Web
1243,2026-07-20,C098,P09,4,Sitio Web
1244,2026-04-12,C120,P06,1,Tienda Física
1245,2025-09-02,C074,P07,1,Tienda Física
1246,2026-02-25,C006,P06,4,Distribuidor
1247,2026-04-30,C091,P15,1,Sitio Web
1248,2026-01-31,C085,P13,4,Distribuidor
1249,2025-06-05,C064,P01,4,Tienda Física
1250,2026-05-30,C076,P06,3,Tienda Física
1251,2026-03-27,C013,P09,1,Sitio Web
1252,2025-01-16,C093,P03,1,Sitio Web
1253,2025-06-08,C010,P08,3,Sitio Web
1254,2025-12-13,C080,P12,1,Sitio Web
1255,2025-03-24,C110,P06,1,Distribuidor
1256,2026-07-01,C049,P06,2,Distribuidor
1257,2026-05-15,C112,P09,4,Tienda Física
1258,2025-03-12,C031,P11,2,Distribuidor
1259,2025-10-22,C030,P12,2,Tienda Física
1260,2026-03-21,C013,P13,1,Distribuidor
1261,2025-04-13,C057,P03,2,Distribuidor
1262,2025-11-03,C116,P01,5,Tienda Física
1263,2025-11-29,C102,P01,1,Sitio Web
1264,2026-01-03,C048,P07,2,Tienda Física
1265,2025-09-08,C068,P07,3,Distribuidor
1266,2025-07-04,C022,P03,2,Tienda Física
1267,2026-01-27,C080,P11,2,Tienda Física
1268,2026-05-25,C117,P10,2,Tienda Física
1269,2025-08-26,C060,P11,1,Sitio Web
1270,2026-04-16,C033,P11,1,Tienda Física
1271,2026-04-22,C116,P05,3,Distribuidor
1272,2026-07-14,C021,P02,3,Sitio Web
1273,2025-12-20,C076,P05,3,Distribuidor
1274,2026-03-11,C089,P05,4,Sitio Web
1275,2025-11-06,C026,P07,2,Sitio Web
1276,2025-04-20,C031,P07,2,Distribuidor
1277,2026-01-03,C074,P05,3,Distribuidor
1278,2025-10-30,C003,P14,2,Distribuidor
1279,2026-02-10,C036,P01,2,Distribuidor
1280,2025-02-20,C117,P10,3,Distribuidor
1281,2026-05-24,C107,P15,3,Sitio Web
1282,2025-08-24,C078,P13,1,Sitio Web
1283,2025-08-13,C082,P04,1,Distribuidor
1284,2025-09-14,C087,P13,1,Distribuidor
1285,2025-05-21,C081,P02,2,Distribuidor
1286,2025-02-10,C040,P13,1,Sitio Web
1287,2025-02-04,C075,P06,1,Distribuidor
1288,2025-05-15,C012,P15,2,Sitio Web
1289,2025-12-01,C096,P07,1,Tienda Física
1290,2025-07-25,C017,P13,2,Distribuidor
1291,2026-01-10,C068,P09,1,Sitio Web
1292,2025-06-18,C033,P15,1,Sitio Web
1293,2025-10-30,C096,P14,3,Sitio Web
1294,2025-04-28,C060,P02,1,Tienda Física
1295,2025-08-20,C111,P11,1,Distribuidor
1296,2026-02-11,C109,P13,2,Distribuidor
1297,2026-01-10,C012,P13,3,Sitio Web
1298,2025-01-15,C034,P09,1,Tienda Física
1299,2026-04-11,C048,P11,2,Distribuidor
1300,2025-09-26,C075,P07,1,Distribuidor
1301,2026-01-16,C014,P11,1,Tienda Física
1302,2026-04-28,C004,P10,2,Distribuidor
1303,2025-12-02,C118,P10,2,Tienda Física
1304,2025-03-06,C082,P14,2,Sitio Web
1305,2025-11-06,C084,P07,2,Tienda Física
1306,2025-05-24,C006,P01,5,Sitio Web
1307,2026-05-20,C015,P02,2,Tienda Física
1308,2026-07-05,C018,P07,1,Sitio Web
1309,2026-01-15,C086,P12,3,Distribuidor
1310,2026-07-08,C054,P10,1,Distribuidor
1311,2025-06-08,C114,P07,1,Distribuidor
1312,2025-04-12,C107,P08,1,Distribuidor
1313,2026-02-22,C036,P01,1,Distribuidor
1314,2026-01-15,C028,P08,4,Sitio Web
1315,2025-08-30,C110,P06,3,Tienda Física
1316,2026-01-12,C070,P15,2,Distribuidor
1317,2026-01-03,C008,P07,1,Sitio Web
1318,2025-07-14,C016,P14,1,Sitio Web
1319,2025-04-04,C085,P04,1,Distribuidor
1320,2025-01-22,C007,P13,1,Sitio Web
1321,2025-09-07,C017,P13,2,Distribuidor
1322,2025-07-30,C009,P14,2,Distribuidor
1323,2025-08-01,C076,P04,2,Tienda Física
1324,2025-12-03,C100,P03,1,Distribuidor
1325,2025-01-03,C036,P14,4,Tienda Física
1326,2025-05-14,C070,P05,2,Tienda Física
1327,2025-04-23,C085,P14,2,Tienda Física
1328,2025-05-15,C002,P06,2,Tienda Física
1329,2025-11-28,C003,P03,1,Sitio Web
1330,2025-02-23,C017,P12,1,Sitio Web
1331,2026-06-23,C015,P12,1,Tienda Física
1332,2026-05-03,C058,P13,3,Sitio Web
1333,2026-06-10,C076,P02,1,Sitio Web
1334,2026-05-31,C029,P10,1,Tienda Física
1335,2026-06-18,C039,P08,1,Distribuidor
1336,2025-02-01,C008,P08,1,Sitio Web
1337,2026-03-13,C088,P02,3,Sitio Web
1338,2026-03-31,C010,P15,2,Tienda Física
1339,2025-11-26,C078,P03,1,Tienda Física
1340,2025-05-10,C036,P10,1,Distribuidor
1341,2026-08-23,C071,P12,1,Sitio Web
1342,2026-01-26,C077,P09,1,Sitio Web
1343,2026-04-10,C065,P10,1,Sitio Web
1344,2025-04-12,C102,P12,1,Tienda Física
1345,2026-07-19,C093,P14,1,Tienda Física
1346,2026-03-17,C058,P15,2,Tienda Física
1347,2026-02-28,C044,P14,2,Sitio Web
1348,2026-02-13,C054,P12,1,Tienda Física
1349,2025-11-17,C055,P06,1,Distribuidor
1350,2025-09-19,C048,P03,2,Distribuidor
1351,2026-05-01,C009,P02,2,Tienda Física
1352,2025-04-06,C056,P02,3,Distribuidor
1353,2026-01-17,C104,P03,2,Distribuidor
1354,2025-03-03,C076,P09,1,Distribuidor
1355,2025-12-04,C086,P02,1,Sitio Web
1356,2025-12-29,C112,P11,2,Sitio Web
1357,2025-02-22,C037,P10,1,Sitio Web
1358,2025-12-27,C014,P10,2,Distribuidor
1359,2025-08-06,C020,P11,4,Sitio Web
1360,2025-08-18,C109,P02,2,Sitio Web
1361,2026-07-24,C048,P02,1,Sitio Web
1362,2026-08-11,C029,P13,2,Sitio Web
1363,2026-07-29,C099,P14,1,Distribuidor
1364,2026-07-25,C004,P10,2,Distribuidor
1365,2025-10-01,C004,P03,4,Sitio Web
1366,2025-11-13,C118,P06,1,Sitio Web
1367,2025-01-07,C024,P14,4,Tienda Física
1368,2026-08-03,C085,P07,4,Tienda Física
1369,2025-05-26,C095,P11,1,Tienda Física
1370,2025-04-04,C096,P09,1,Tienda Física
1371,2026-01-21,C054,P08,1,Sitio Web
1372,2025-06-11,C048,P05,1,Distribuidor
1373,2025-11-29,C100,P10,1,Distribuidor
1374,2025-03-28,C114,P01,2,Tienda Física
1375,2025-06-11,C097,P10,1,Tienda Física
1376,2025-03-25,C035,P08,1,Distribuidor
1377,2026-03-11,C063,P10,3,Sitio Web
1378,2026-03-01,C035,P04,1,Distribuidor
1379,2025-04-27,C045,P07,3,Tienda Física
1380,2025-10-18,C087,P11,1,Distribuidor
1381,2026-05-14,C068,P11,1,Sitio Web
1382,2025-02-16,C029,P07,2,Distribuidor
1383,2025-02-26,C001,P04,2,Sitio Web
1384,2025-08-05,C099,P03,3,Sitio Web
1385,2025-10-24,C042,P02,2,Tienda Física
1386,2026-05-25,C096,P07,3,Tienda Física
1387,2025-05-13,C049,P09,1,Distribuidor
1388,2025-08-24,C065,P09,1,Distribuidor
1389,2025-12-29,C010,P07,3,Distribuidor
1390,2025-02-13,C056,P01,3,Sitio Web
1391,2025-03-21,C111,P06,5,Distribuidor
1392,2026-03-16,C074,P07,1,Distribuidor
1393,2026-03-04,C038,P02,1,Sitio Web
1394,2025-01-22,C042,P03,3,Distribuidor
1395,2026-04-17,C107,P12,1,Sitio Web
1396,2025-04-01,C056,P14,4,Tienda Física
1397,2025-09-07,C056,P10,3,Sitio Web
1398,2026-06-21,C011,P07,1,Sitio Web
1399,2025-12-14,C029,P06,3,Tienda Física
1400,2025-03-20,C066,P11,3,Tienda Física
1401,2026-06-28,C066,P04,1,Sitio Web
1402,2025-12-26,C094,P14,4,Distribuidor
1403,2025-06-01,C031,P02,2,Tienda Física
1404,2025-09-20,C026,P03,3,Distribuidor
1405,2025-06-06,C098,P13,1,Distribuidor
1406,2025-03-19,C023,P13,3,Distribuidor
1407,2026-05-21,C060,P13,1,Distribuidor
1408,2026-08-17,C058,P11,1,Distribuidor
1409,2025-11-27,C111,P11,4,Sitio Web
1410,2025-06-04,C057,P02,1,Sitio Web
1411,2026-03-29,C081,P05,1,Sitio Web
1412,2025-02-27,C046,P09,4,Tienda Física
1413,2025-11-14,C060,P08,4,Tienda Física
1414,2025-02-28,C048,P14,2,Sitio Web
1415,2025-03-20,C083,P14,2,Tienda Física
1416,2026-06-04,C050,P08,1,Distribuidor
1417,2026-07-22,C102,P12,1,Tienda Física
1418,2026-04-06,C117,P13,1,Distribuidor
1419,2025-07-12,C042,P10,2,Sitio Web
1420,2026-05-29,C020,P01,3,Sitio Web
1421,2025-04-16,C104,P15,3,Sitio Web
1422,2025-03-28,C065,P11,3,Tienda Física
1423,2025-02-10,C032,P12,1,Sitio Web
1424,2026-03-26,C068,P09,1,Distribuidor
1425,2025-06-12,C047,P06,1,Sitio Web
1426,2026-02-01,C053,P13,2,Sitio Web
1427,2025-02-23,C102,P11,1,Distribuidor
1428,2025-12-09,C009,P06,3,Tienda Física
1429,2026-07-26,C087,P07,1,Sitio Web
1430,2025-09-16,C093,P14,1,Distribuidor
1431,2025-06-03,C043,P02,1,Distribuidor
1432,2025-05-25,C118,P06,3,Sitio Web
1433,2026-02-06,C017,P10,2,Distribuidor
1434,2025-03-28,C040,P09,1,Sitio Web
1435,2025-12-03,C105,P03,1,Distribuidor
1436,2026-06-24,C012,P11,2,Distribuidor
1437,2026-03-10,C066,P06,1,Tienda Física
1438,2026-01-07,C040,P03,3,Tienda Física
1439,2025-12-16,C099,P08,2,Tienda Física
1440,2025-08-20,C018,P03,1,Tienda Física
1441,2025-10-30,C109,P13,1,Tienda Física
1442,2026-06-04,C099,P09,5,Distribuidor
1443,2026-06-24,C005,P11,1,Sitio Web
1444,2025-05-15,C077,P07,1,Tienda Física
1445,2025-06-16,C024,P14,3,Distribuidor
1446,2025-06-19,C093,P08,4,Tienda Física
1447,2026-02-25,C047,P11,5,Distribuidor
1448,2025-09-01,C057,P10,3,Sitio Web
1449,2026-04-05,C030,P09,1,Tienda Física
1450,2025-11-13,C104,P13,1,Sitio Web
1451,2025-07-18,C048,P11,3,Distribuidor
1452,2026-03-28,C060,P13,2,Sitio Web
1453,2026-01-27,C065,P09,1,Sitio Web
1454,2025-06-15,C105,P04,4,Distribuidor
1455,2025-05-22,C112,P05,1,Tienda Física
1456,2026-05-08,C112,P06,1,Distribuidor
1457,2025-04-16,C092,P14,1,Distribuidor
1458,2025-05-08,C037,P02,1,Tienda Física
1459,2025-10-07,C058,P15,1,Distribuidor
1460,2025-05-31,C107,P07,1,Tienda Física
1461,2025-08-16,C105,P08,1,Sitio Web
1462,2025-01-28,C054,P01,2,Sitio Web
1463,2026-05-30,C048,P04,2,Sitio Web
1464,2025-03-25,C048,P04,2,Tienda Física
1465,2025-11-23,C120,P02,4,Distribuidor
1466,2025-12-10,C102,P03,1,Tienda Física
1467,2025-02-09,C037,P15,1,Sitio Web
1468,2025-05-23,C098,P12,3,Sitio Web
1469,2026-04-05,C079,P01,1,Tienda Física
1470,2025-01-20,C033,P04,4,Tienda Física
1471,2026-07-16,C094,P10,1,Distribuidor
1472,2026-03-10,C015,P13,4,Sitio Web
1473,2025-09-01,C039,P02,1,Tienda Física
1474,2025-09-02,C054,P11,3,Distribuidor
1475,2026-04-14,C009,P02,2,Sitio Web
1476,2026-07-03,C003,P11,5,Distribuidor
1477,2026-08-12,C031,P12,1,Tienda Física
1478,2025-10-26,C055,P01,2,Distribuidor
1479,2025-12-28,C031,P10,4,Sitio Web
1480,2025-07-11,C086,P11,2,Tienda Física
1481,2026-06-21,C047,P02,2,Distribuidor
1482,2026-07-12,C065,P13,2,Distribuidor
1483,2026-07-22,C003,P07,1,Sitio Web
1484,2025-02-14,C082,P07,2,Sitio Web
1485,2025-09-17,C096,P01,2,Sitio Web
1486,2025-03-11,C045,P04,4,Distribuidor
1487,2025-04-17,C099,P10,1,Distribuidor
1488,2025-12-07,C018,P01,1,Sitio Web
1489,2026-07-14,C044,P14,4,Distribuidor
1490,2025-06-29,C107,P13,3,Distribuidor
1491,2026-04-21,C090,P08,1,Distribuidor
1492,2025-07-06,C104,P03,2,Tienda Física
1493,2026-04-14,C005,P05,1,Tienda Física
1494,2025-02-14,C102,P04,1,Tienda Física
1495,2025-11-20,C120,P05,1,Distribuidor
1496,2026-02-12,C105,P09,1,Sitio Web
1497,2025-09-17,C005,P13,2,Distribuidor
1498,2025-07-15,C037,P06,1,Tienda Física
1499,2025-12-06,C035,P02,5,Sitio Web
1500,2026-03-24,C114,P07,5,Distribuidor
1501,2026-03-27,C115,P07,2,Sitio Web
1502,2025-07-11,C064,P12,2,Sitio Web
1503,2026-01-12,C119,P13,1,Distribuidor
1504,2025-10-01,C103,P02,3,Distribuidor
1505,2026-03-11,C011,P07,2,Distribuidor
1506,2025-07-04,C070,P05,1,Sitio Web
1507,2025-04-16,C011,P06,4,Distribuidor
1508,2025-10-30,C040,P08,3,Distribuidor
1509,2026-03-13,C022,P12,4,Sitio Web
1510,2025-12-26,C058,P01,2,Distribuidor
1511,2025-12-28,C079,P07,2,Sitio Web
1512,2025-02-28,C010,P11,1,Distribuidor
1513,2026-02-20,C047,P09,4,Distribuidor
1514,2025-06-13,C004,P03,3,Distribuidor
1515,2026-03-25,C005,P03,1,Tienda Física
1516,2025-08-30,C100,P11,1,Sitio Web
1517,2026-01-06,C050,P10,1,Tienda Física
1518,2025-06-07,C087,P08,3,Sitio Web
1519,2026-01-16,C057,P13,5,Tienda Física
1520,2026-08-11,C018,P09,1,Sitio Web
1521,2026-02-12,C041,P11,2,Sitio Web
1522,2025-09-13,C015,P01,1,Distribuidor
1523,2025-07-10,C064,P09,4,Sitio Web
1524,2026-07-30,C016,P05,3,Sitio Web
1525,2026-04-02,C028,P10,3,Sitio Web
1526,2026-05-18,C026,P02,1,Tienda Física
1527,2025-03-17,C058,P03,1,Distribuidor
1528,2026-04-01,C012,P13,1,Distribuidor
1529,2025-11-24,C086,P06,1,Distribuidor
1530,2025-03-08,C071,P09,3,Sitio Web
1531,2025-11-04,C109,P03,3,Distribuidor
1532,2025-06-28,C102,P06,5,Distribuidor
1533,2025-08-18,C016,P04,5,Tienda Física
1534,2025-08-31,C102,P08,2,Tienda Física
1535,2026-01-05,C071,P10,3,Sitio Web
1536,2026-04-24,C103,P09,4,Tienda Física
1537,2025-03-30,C009,P05,3,Sitio Web
1538,2026-05-06,C068,P07,1,Sitio Web
1539,2026-08-12,C010,P03,1,Sitio Web
1540,2025-03-17,C058,P08,1,Distribuidor
1541,2026-06-14,C045,P03,4,Distribuidor
1542,2025-07-06,C099,P03,2,Sitio Web
1543,2026-05-30,C117,P14,1,Tienda Física
1544,2025-05-08,C067,P03,2,Sitio Web
1545,2025-06-18,C021,P06,2,Distribuidor
1546,2025-08-19,C045,P09,1,Sitio Web
1547,2025-03-22,C033,P04,1,Distribuidor
1548,2026-07-19,C036,P03,2,Distribuidor
1549,2025-11-07,C079,P09,2,Tienda Física
1550,2026-05-30,C083,P03,3,Distribuidor
1551,2026-08-18,C020,P03,2,Distribuidor
1552,2025-12-12,C108,P15,3,Distribuidor
1553,2025-02-12,C106,P14,2,Tienda Física
1554,2025-03-25,C006,P11,2,Distribuidor
1555,2025-09-29,C084,P04,3,Distribuidor
1556,2026-03-03,C080,P11,1,Tienda Física
1557,2026-05-25,C114,P11,1,Distribuidor
1558,2025-10-24,C083,P05,1,Sitio Web
1559,2025-09-08,C104,P13,3,Distribuidor
1560,2026-02-20,C039,P08,2,Tienda Física
1561,2025-03-03,C021,P08,2,Sitio Web
1562,2026-05-11,C060,P04,1,Sitio Web
1563,2025-05-28,C041,P14,1,Distribuidor
1564,2025-11-23,C094,P14,1,Sitio Web
1565,2026-02-13,C017,P13,1,Sitio Web
1566,2026-06-12,C072,P02,2,Sitio Web
1567,2025-09-05,C060,P02,1,Sitio Web
1568,2026-04-06,C032,P03,1,Tienda Física
1569,2025-02-21,C038,P07,4,Distribuidor
1570,2026-03-05,C032,P14,1,Tienda Física
1571,2025-12-02,C120,P10,2,Distribuidor
1572,2025-11-17,C025,P13,3,Tienda Física
1573,2026-05-26,C066,P08,1,Sitio Web
1574,2025-11-12,C064,P01,2,Tienda Física
1575,2026-02-07,C065,P08,3,Tienda Física
1576,2025-08-09,C075,P06,4,Tienda Física
1577,2025-02-21,C037,P08,1,Distribuidor
1578,2026-04-27,C037,P09,4,Tienda Física
1579,2025-04-21,C056,P03,1,Sitio Web
1580,2026-01-10,C098,P07,1,Sitio Web
1581,2025-02-16,C052,P01,1,Distribuidor
1582,2026-07-30,C025,P06,5,Distribuidor
1583,2025-10-23,C010,P07,1,Distribuidor
1584,2026-04-07,C098,P09,1,Sitio Web
1585,2025-05-02,C017,P02,2,Sitio Web
1586,2026-01-18,C102,P06,1,Distribuidor
1587,2026-01-10,C097,P03,1,Tienda Física
1588,2026-06-06,C052,P09,1,Tienda Física
1589,2025-02-16,C005,P03,1,Distribuidor
1590,2025-12-08,C103,P08,1,Distribuidor
1591,2026-04-13,C020,P10,1,Distribuidor
1592,2025-05-24,C042,P15,2,Distribuidor
1593,2025-11-23,C021,P07,1,Distribuidor
1594,2025-11-03,C076,P06,1,Distribuidor
1595,2026-06-06,C069,P08,3,Distribuidor
1596,2026-07-31,C039,P08,1,Tienda Física
1597,2026-01-13,C043,P11,2,Tienda Física
1598,2026-03-03,C075,P05,1,Distribuidor
1599,2025-01-28,C077,P08,1,Sitio Web
1600,2026-08-16,C074,P04,1,Distribuidor
1601,2025-02-22,C075,P08,1,Tienda Física
1602,2026-06-21,C081,P12,1,Distribuidor
1603,2026-01-25,C019,P14,1,Distribuidor
1604,2025-09-06,C005,P10,1,Distribuidor
1605,2025-04-23,C025,P01,1,Sitio Web
1606,2025-11-18,C054,P03,1,Sitio Web
1607,2025-07-28,C053,P09,1,Distribuidor
1608,2026-04-28,C112,P14,1,Distribuidor
1609,2025-03-05,C091,P03,2,Distribuidor
1610,2025-08-01,C072,P06,2,Distribuidor
1611,2026-05-05,C068,P07,1,Sitio Web
1612,2025-06-27,C059,P15,3,Distribuidor
1613,2025-12-17,C070,P06,2,Distribuidor
1614,2025-09-28,C079,P08,1,Tienda Física
1615,2025-09-10,C036,P09,3,Sitio Web
1616,2025-08-19,C039,P13,4,Sitio Web
1617,2025-08-01,C089,P12,1,Sitio Web
1618,2025-11-21,C062,P06,1,Distribuidor
1619,2025-10-08,C037,P02,3,Distribuidor
1620,2026-07-11,C049,P15,2,Sitio Web
1621,2025-12-20,C099,P13,1,Tienda Física
1622,2025-10-25,C006,P05,1,Distribuidor
1623,2025-03-22,C045,P15,1,Sitio Web
1624,2025-09-20,C096,P08,1,Tienda Física
1625,2025-07-26,C106,P09,2,Sitio Web
1626,2026-07-30,C090,P05,1,Tienda Física
1627,2025-04-22,C079,P12,1,Distribuidor
1628,2025-09-03,C032,P01,2,Distribuidor
1629,2026-06-28,C029,P11,1,Tienda Física
1630,2025-02-23,C013,P07,1,Sitio Web
1631,2026-04-29,C013,P11,2,Tienda Física
1632,2025-01-06,C071,P15,3,Tienda Física
1633,2026-02-21,C084,P15,2,Sitio Web
1634,2026-05-04,C084,P04,2,Sitio Web
1635,2025-11-25,C037,P11,1,Tienda Física
1636,2025-04-02,C084,P10,1,Tienda Física
1637,2026-07-02,C095,P12,2,Tienda Física
1638,2025-06-29,C054,P15,1,Tienda Física
1639,2025-02-07,C108,P07,1,Sitio Web
1640,2025-07-10,C120,P12,1,Sitio Web
1641,2025-02-08,C002,P05,1,Distribuidor
1642,2025-04-20,C119,P06,1,Sitio Web
1643,2026-04-11,C083,P09,1,Distribuidor
1644,2026-05-21,C114,P03,1,Distribuidor
1645,2026-04-25,C035,P04,1,Tienda Física
1646,2025-12-05,C021,P12,3,Sitio Web
1647,2025-09-21,C092,P03,2,Tienda Física
1648,2025-12-12,C102,P05,2,Distribuidor
1649,2025-07-17,C023,P10,3,Distribuidor
1650,2026-02-20,C106,P07,1,Distribuidor
1651,2025-12-02,C012,P07,1,Distribuidor
1652,2025-04-08,C024,P03,2,Sitio Web
1653,2025-11-28,C120,P04,2,Tienda Física
1654,2025-09-25,C050,P04,2,Sitio Web
1655,2025-10-01,C043,P05,1,Distribuidor
1656,2026-08-10,C002,P05,1,Distribuidor
1657,2026-01-04,C089,P04,1,Tienda Física
1658,2025-05-02,C060,P05,1,Tienda Física
1659,2026-02-20,C088,P09,2,Distribuidor
1660,2025-11-15,C089,P02,2,Distribuidor
1661,2025-10-30,C048,P10,1,Tienda Física
1662,2025-08-13,C018,P08,5,Tienda Física
1663,2026-04-11,C096,P10,2,Sitio Web
1664,2026-03-02,C090,P09,1,Sitio Web
1665,2026-07-05,C103,P11,1,Tienda Física
1666,2025-09-11,C088,P13,1,Distribuidor
1667,2025-03-25,C068,P08,1,Distribuidor
1668,2026-01-06,C010,P15,1,Distribuidor
1669,2025-04-25,C008,P14,1,Distribuidor
1670,2026-06-02,C026,P10,1,Distribuidor
1671,2025-06-03,C022,P06,1,Distribuidor
1672,2026-03-29,C015,P11,3,Tienda Física
1673,2026-08-21,C063,P02,1,Distribuidor
1674,2026-04-02,C104,P01,2,Sitio Web
1675,2025-05-16,C066,P07,1,Sitio Web
1676,2026-08-01,C008,P09,5,Sitio Web
1677,2025-11-12,C093,P01,1,Sitio Web
1678,2025-09-18,C105,P01,1,Distribuidor
1679,2025-08-12,C075,P02,4,Tienda Física
1680,2026-03-10,C045,P12,3,Tienda Física
1681,2026-07-09,C008,P15,3,Tienda Física
1682,2026-04-29,C005,P05,1,Sitio Web
1683,2025-07-04,C099,P03,1,Distribuidor
1684,2026-03-07,C048,P15,2,Sitio Web
1685,2026-04-05,C112,P15,4,Sitio Web
1686,2026-01-20,C011,P11,2,Distribuidor
1687,2026-07-07,C018,P11,2,Sitio Web
1688,2025-05-02,C023,P09,1,Sitio Web
1689,2026-06-26,C017,P12,3,Tienda Física
1690,2025-01-04,C097,P01,1,Sitio Web
1691,2026-04-20,C087,P12,1,Distribuidor
1692,2026-03-11,C069,P07,1,Tienda Física
1693,2025-09-11,C059,P06,2,Tienda Física
1694,2025-10-10,C025,P15,1,Distribuidor
1695,2025-04-26,C005,P13,1,Distribuidor
1696,2026-03-06,C079,P13,2,Tienda Física
1697,2025-09-04,C027,P02,1,Tienda Física
1698,2025-02-04,C058,P10,2,Distribuidor
1699,2025-02-19,C032,P12,1,Tienda Física
1700,2026-02-16,C057,P04,1,Distribuidor
1701,2025-08-11,C097,P14,2,Tienda Física
1702,2025-05-24,C065,P05,1,Tienda Física
1703,2026-08-13,C041,P10,1,Distribuidor
1704,2025-11-25,C031,P05,1,Tienda Física
1705,2026-06-18,C029,P07,1,Sitio Web
1706,2025-10-09,C008,P09,5,Distribuidor
1707,2025-06-29,C081,P11,1,Sitio Web
1708,2026-07-24,C064,P01,3,Sitio Web
1709,2026-01-26,C101,P09,1,Sitio Web
1710,2026-03-03,C053,P03,2,Sitio Web
1711,2026-01-21,C024,P13,3,Distribuidor
1712,2026-04-30,C031,P14,2,Tienda Física
1713,2025-11-04,C110,P12,1,Tienda Física
1714,2026-04-20,C118,P01,1,Distribuidor
1715,2026-02-27,C054,P09,1,Distribuidor
1716,2025-05-18,C050,P04,4,Sitio Web
1717,2025-07-28,C043,P11,3,Tienda Física
1718,2026-04-06,C109,P06,4,Tienda Física
1719,2026-07-03,C093,P14,1,Tienda Física
1720,2025-02-22,C035,P07,2,Distribuidor
1721,2025-02-10,C112,P02,4,Tienda Física
1722,2026-07-27,C028,P08,1,Tienda Física
1723,2025-12-07,C039,P15,1,Tienda Física
1724,2025-08-05,C120,P04,2,Distribuidor
1725,2025-05-01,C096,P13,2,Sitio Web
1726,2025-09-06,C090,P10,3,Distribuidor
1727,2025-07-29,C051,P15,1,Tienda Física
1728,2026-07-20,C042,P13,3,Sitio Web
1729,2026-01-25,C060,P09,1,Distribuidor
1730,2026-01-03,C040,P05,1,Sitio Web
1731,2026-06-10,C113,P08,1,Sitio Web
1732,2025-04-11,C103,P12,3,Sitio Web
1733,2025-11-24,C118,P04,2,Sitio Web
1734,2025-11-17,C053,P01,2,Distribuidor
1735,2025-08-15,C095,P03,1,Tienda Física
1736,2025-09-25,C071,P15,3,Distribuidor
1737,2026-08-17,C093,P07,1,Sitio Web
1738,2025-06-06,C026,P06,3,Tienda Física
1739,2026-01-24,C073,P14,1,Tienda Física
1740,2026-05-27,C071,P11,1,Distribuidor
1741,2025-12-12,C033,P13,1,Sitio Web
1742,2026-05-18,C059,P03,1,Distribuidor
1743,2025-12-27,C022,P03,2,Distribuidor
1744,2026-07-14,C063,P03,2,Distribuidor
1745,2025-03-02,C068,P01,1,Tienda Física
1746,2025-02-19,C098,P01,3,Sitio Web
1747,2025-05-21,C108,P11,1,Tienda Física
1748,2025-03-11,C091,P03,2,Tienda Física
1749,2025-08-12,C065,P08,4,Sitio Web
1750,2025-03-03,C080,P11,2,Distribuidor
1751,2026-05-10,C085,P08,1,Tienda Física
1752,2025-01-07,C069,P09,4,Sitio Web
1753,2025-01-13,C003,P09,2,Distribuidor
1754,2025-10-09,C069,P05,1,Tienda Física
1755,2026-05-30,C105,P12,1,Distribuidor
1756,2026-03-17,C104,P15,3,Tienda Física
1757,2025-04-20,C118,P02,2,Distribuidor
1758,2025-06-02,C031,P04,2,Distribuidor
1759,2026-06-24,C033,P14,3,Sitio Web
1760,2025-10-01,C102,P07,3,Tienda Física
1761,2026-01-18,C052,P08,1,Distribuidor
1762,2025-09-07,C090,P04,1,Sitio Web
1763,2025-03-24,C084,P14,1,Distribuidor
1764,2025-02-02,C012,P07,2,Sitio Web
1765,2026-01-22,C071,P08,1,Tienda Física
1766,2025-01-10,C090,P03,2,Tienda Física
1767,2026-05-27,C109,P07,3,Distribuidor
1768,2025-12-06,C073,P14,3,Tienda Física
1769,2026-06-25,C118,P01,1,Tienda Física
1770,2025-08-05,C116,P14,3,Distribuidor
1771,2026-08-04,C061,P05,1,Tienda Física
1772,2025-03-18,C088,P15,3,Sitio Web
1773,2026-07-11,C073,P11,1,Tienda Física
1774,2025-07-03,C119,P14,1,Sitio Web
1775,2025-01-17,C027,P10,3,Tienda Física
1776,2026-02-12,C119,P02,1,Sitio Web
1777,2025-06-16,C073,P04,1,Distribuidor
1778,2026-02-03,C087,P15,2,Distribuidor
1779,2025-12-06,C050,P13,2,Distribuidor
1780,2025-05-24,C102,P12,2,Distribuidor
1781,2025-03-22,C065,P12,2,Sitio Web
1782,2025-02-24,C013,P07,2,Tienda Física
1783,2025-03-19,C044,P10,1,Distribuidor
1784,2026-02-11,C100,P06,1,Tienda Física
1785,2025-10-07,C101,P08,1,Sitio Web
1786,2025-08-22,C046,P09,4,Sitio Web
1787,2026-03-19,C024,P11,2,Distribuidor
1788,2026-01-25,C011,P13,1,Distribuidor
1789,2025-10-30,C103,P04,1,Distribuidor
1790,2025-03-17,C011,P05,4,Tienda Física
1791,2026-01-25,C092,P13,1,Distribuidor
1792,2025-06-07,C095,P07,2,Sitio Web
1793,2026-01-05,C014,P02,2,Tienda Física
1794,2025-11-12,C057,P06,2,Sitio Web
1795,2025-04-15,C017,P02,1,Tienda Física
1796,2026-03-18,C058,P09,3,Distribuidor
1797,2026-06-09,C053,P02,4,Tienda Física
1798,2025-04-02,C046,P09,2,Tienda Física
1799,2025-11-29,C111,P07,2,Tienda Física
1800,2025-10-26,C053,P07,4,Tienda Física
1801,2026-07-27,C116,P04,2,Distribuidor
1802,2026-06-18,C022,P11,1,Sitio Web
1803,2025-06-23,C018,P05,2,Sitio Web
1804,2025-10-02,C064,P03,2,Tienda Física
1805,2025-06-21,C056,P05,1,Sitio Web
1806,2025-11-03,C062,P13,2,Tienda Física
1807,2026-01-05,C033,P04,4,Distribuidor
1808,2026-05-23,C077,P10,4,Tienda Física
1809,2026-04-14,C014,P03,1,Sitio Web
1810,2025-01-07,C051,P06,1,Distribuidor
1811,2026-01-25,C103,P14,5,Sitio Web
1812,2026-03-27,C043,P07,3,Distribuidor
1813,2025-05-20,C039,P06,1,Distribuidor
1814,2025-07-25,C062,P06,4,Tienda Física
1815,2026-02-12,C041,P05,3,Distribuidor
1816,2026-05-18,C074,P13,2,Tienda Física
1817,2025-11-30,C049,P05,2,Sitio Web
1818,2026-01-09,C015,P15,1,Distribuidor
1819,2025-07-24,C076,P09,1,Tienda Física
1820,2026-07-18,C004,P12,1,Sitio Web
1821,2025-08-03,C057,P13,3,Sitio Web
1822,2025-03-12,C105,P14,1,Sitio Web
1823,2026-05-27,C018,P11,1,Sitio Web
1824,2025-09-05,C033,P11,1,Tienda Física
1825,2026-03-10,C102,P07,2,Tienda Física
1826,2026-04-05,C077,P08,4,Distribuidor
1827,2026-02-15,C069,P09,1,Distribuidor
1828,2026-03-05,C070,P01,1,Sitio Web
1829,2026-07-04,C077,P11,2,Tienda Física
1830,2025-04-22,C099,P04,1,Distribuidor
1831,2025-12-30,C022,P11,1,Distribuidor
1832,2025-02-15,C073,P11,1,Distribuidor
1833,2026-02-14,C097,P06,1,Sitio Web
1834,2025-04-19,C002,P02,1,Sitio Web
1835,2025-08-16,C066,P12,1,Distribuidor
1836,2026-07-26,C075,P12,1,Distribuidor
1837,2025-08-15,C058,P06,4,Sitio Web
1838,2026-04-20,C099,P11,1,Distribuidor
1839,2026-05-28,C020,P06,2,Tienda Física
1840,2026-05-10,C014,P05,2,Sitio Web
1841,2025-03-29,C015,P14,1,Distribuidor
1842,2025-05-26,C045,P05,2,Sitio Web
1843,2026-04-12,C101,P04,1,Distribuidor
1844,2026-05-10,C045,P08,4,Tienda Física
1845,2026-03-25,C093,P12,1,Sitio Web
1846,2025-11-23,C009,P05,1,Tienda Física
1847,2025-04-28,C003,P14,1,Sitio Web
1848,2025-04-22,C087,P13,5,Tienda Física
1849,2025-09-07,C067,P03,2,Distribuidor
1850,2025-06-13,C043,P09,2,Sitio Web
1851,2026-04-19,C030,P13,1,Sitio Web
1852,2025-07-08,C024,P11,2,Distribuidor
1853,2026-03-19,C051,P01,1,Distribuidor
1854,2025-07-22,C058,P10,3,Sitio Web
1855,2026-02-03,C001,P12,1,Tienda Física
1856,2025-07-30,C036,P13,1,Distribuidor
1857,2025-03-06,C074,P02,1,Distribuidor
1858,2025-07-11,C047,P06,1,Tienda Física
1859,2026-04-14,C015,P05,2,Distribuidor
1860,2026-05-17,C068,P11,1,Sitio Web
1861,2026-02-02,C079,P07,3,Distribuidor
1862,2025-04-27,C045,P06,1,Sitio Web
1863,2025-06-26,C105,P11,2,Distribuidor
1864,2025-11-01,C118,P10,1,Distribuidor
1865,2025-03-28,C087,P03,1,Sitio Web
1866,2025-05-01,C031,P05,2,Tienda Física
1867,2025-07-07,C048,P12,1,Tienda Física
1868,2026-06-08,C050,P07,1,Distribuidor
1869,2025-05-22,C074,P07,3,Sitio Web
1870,2025-07-10,C063,P11,4,Distribuidor
1871,2025-06-27,C072,P03,1,Sitio Web
1872,2025-10-23,C018,P03,1,Sitio Web
1873,2026-04-07,C080,P01,2,Sitio Web
1874,2025-01-10,C063,P03,1,Tienda Física
1875,2026-01-29,C072,P09,1,Distribuidor
1876,2026-05-22,C053,P11,1,Sitio Web
1877,2026-03-02,C091,P14,2,Sitio Web
1878,2026-05-16,C022,P02,2,Distribuidor
1879,2025-02-01,C102,P13,1,Tienda Física
1880,2025-10-27,C005,P05,1,Tienda Física
1881,2026-07-05,C037,P03,1,Sitio Web
1882,2026-08-03,C096,P13,2,Sitio Web
1883,2026-07-17,C066,P02,1,Distribuidor
1884,2025-04-27,C035,P13,1,Distribuidor
1885,2026-01-11,C070,P14,3,Tienda Física
1886,2026-03-28,C070,P04,1,Sitio Web
1887,2025-04-15,C095,P14,2,Distribuidor
1888,2025-09-11,C039,P14,1,Tienda Física
1889,2026-04-06,C034,P06,1,Tienda Física
1890,2026-03-26,C111,P02,1,Tienda Física
1891,2025-08-03,C104,P12,2,Distribuidor
1892,2025-12-26,C111,P12,3,Distribuidor
1893,2026-03-15,C022,P10,3,Tienda Física
1894,2025-07-31,C105,P04,1,Tienda Física
1895,2026-08-07,C045,P09,2,Sitio Web
1896,2026-07-06,C022,P06,1,Distribuidor
1897,2025-10-27,C038,P10,1,Sitio Web
1898,2026-06-11,C116,P11,3,Tienda Física
1899,2025-05-19,C097,P13,1,Sitio Web
1900,2025-03-02,C036,P14,1,Distribuidor
1901,2025-05-10,C090,P14,1,Tienda Física
1902,2025-09-13,C019,P12,1,Sitio Web
1903,2025-09-11,C098,P14,1,Distribuidor
1904,2026-02-07,C063,P03,2,Distribuidor
1905,2025-10-03,C081,P07,1,Sitio Web
1906,2026-04-08,C010,P11,3,Tienda Física
1907,2026-02-17,C066,P12,3,Sitio Web
1908,2026-01-13,C059,P08,1,Sitio Web
1909,2026-08-19,C001,P14,1,Distribuidor
1910,2025-04-06,C094,P08,1,Distribuidor
1911,2026-01-02,C109,P02,2,Distribuidor
1912,2026-02-12,C028,P07,1,Tienda Física
1913,2026-05-22,C035,P06,2,Sitio Web
1914,2025-12-12,C071,P10,1,Tienda Física
1915,2026-08-03,C110,P08,2,Sitio Web
1916,2025-02-19,C006,P02,1,Distribuidor
1917,2026-04-16,C003,P02,1,Tienda Física
1918,2026-03-28,C059,P01,4,Sitio Web
1919,2025-07-27,C089,P15,3,Tienda Física
1920,2025-11-06,C021,P14,1,Sitio Web
1921,2025-04-06,C084,P06,3,Sitio Web
1922,2025-03-26,C048,P11,1,Distribuidor
1923,2025-06-19,C007,P07,3,Distribuidor
1924,2025-11-09,C093,P12,3,Tienda Física
1925,2026-03-16,C084,P02,1,Distribuidor
1926,2025-04-08,C001,P04,1,Sitio Web
1927,2025-03-21,C017,P10,1,Tienda Física
1928,2026-06-16,C088,P08,2,Tienda Física
1929,2025-01-09,C090,P06,2,Tienda Física
1930,2026-03-09,C089,P03,1,Sitio Web
1931,2025-03-14,C030,P07,1,Tienda Física
1932,2025-04-15,C014,P06,3,Sitio Web
1933,2025-11-03,C018,P07,5,Tienda Física
1934,2025-05-27,C009,P09,2,Distribuidor
1935,2025-01-09,C079,P11,1,Tienda Física
1936,2026-03-27,C045,P12,1,Tienda Física
1937,2025-06-05,C118,P07,1,Distribuidor
1938,2026-03-30,C111,P04,4,Tienda Física
1939,2025-04-13,C018,P13,1,Tienda Física
1940,2026-01-29,C045,P07,2,Sitio Web
1941,2025-05-24,C032,P05,1,Distribuidor
1942,2025-03-28,C032,P09,2,Distribuidor
1943,2025-10-19,C100,P12,2,Tienda Física
1944,2025-11-05,C027,P09,3,Distribuidor
1945,2026-06-06,C025,P12,1,Sitio Web
1946,2025-10-30,C083,P01,1,Tienda Física
1947,2026-05-22,C050,P02,1,Tienda Física
1948,2026-05-27,C082,P10,4,Tienda Física
1949,2026-06-25,C114,P01,3,Sitio Web
1950,2025-11-21,C017,P07,2,Distribuidor
1951,2026-03-07,C047,P09,2,Distribuidor
1952,2025-06-26,C098,P08,2,Tienda Física
1953,2025-01-18,C076,P02,1,Tienda Física
1954,2025-09-26,C028,P01,4,Tienda Física
1955,2026-02-12,C065,P05,1,Distribuidor
1956,2026-05-29,C099,P07,1,Sitio Web
1957,2026-02-16,C011,P11,2,Distribuidor
1958,2026-07-05,C079,P03,1,Sitio Web
1959,2025-03-27,C040,P02,1,Distribuidor
1960,2025-07-28,C104,P03,2,Distribuidor
1961,2025-12-01,C051,P10,1,Distribuidor
1962,2025-03-09,C040,P12,2,Sitio Web
1963,2025-09-02,C008,P04,1,Tienda Física
1964,2026-03-21,C015,P08,1,Distribuidor
1965,2025-02-26,C040,P11,1,Distribuidor
1966,2025-06-29,C016,P01,1,Distribuidor
1967,2025-05-21,C090,P01,2,Tienda Física
1968,2026-05-24,C045,P09,1,Distribuidor
1969,2025-09-23,C022,P06,2,Tienda Física
1970,2025-10-03,C094,P15,1,Tienda Física
1971,2025-01-31,C043,P13,2,Sitio Web
1972,2025-10-06,C068,P02,4,Sitio Web
1973,2026-08-14,C081,P02,2,Sitio Web
1974,2026-04-12,C066,P06,1,Tienda Física
1975,2026-05-27,C110,P10,1,Tienda Física
1976,2026-01-12,C021,P05,1,Tienda Física
1977,2026-08-11,C087,P12,2,Tienda Física
1978,2025-08-22,C095,P09,1,Tienda Física
1979,2025-02-15,C110,P14,1,Tienda Física
1980,2025-09-08,C006,P08,2,Sitio Web
1981,2026-01-28,C118,P03,1,Tienda Física
1982,2025-02-06,C071,P13,3,Distribuidor
1983,2026-03-06,C029,P06,1,Tienda Física
1984,2026-03-03,C118,P12,1,Sitio Web
1985,2025-10-05,C106,P02,2,Distribuidor
1986,2026-01-17,C016,P09,1,Distribuidor
1987,2025-02-23,C023,P04,2,Distribuidor
1988,2025-02-17,C052,P02,1,Sitio Web
1989,2025-10-17,C100,P14,1,Sitio Web
1990,2025-12-02,C012,P09,3,Sitio Web
1991,2025-01-09,C048,P04,3,Sitio Web
1992,2026-08-01,C101,P05,2,Distribuidor
1993,2025-09-06,C060,P06,1,Distribuidor
1994,2026-05-21,C099,P13,2,Tienda Física
1995,2026-07-14,C098,P13,1,Tienda Física
1996,2025-06-04,C001,P15,1,Sitio Web
1997,2025-01-25,C030,P09,4,Sitio Web
1998,2025-01-10,C043,P01,1,Distribuidor
1999,2026-01-21,C109,P12,4,Distribuidor
2000,2025-11-11,C014,P04,1,Distribuidor
2001,2025-09-01,C054,P08,1,Tienda Física
2002,2025-05-26,C092,P05,2,Tienda Física
2003,2025-02-14,C118,P04,3,Distribuidor
2004,2026-02-27,C090,P15,2,Sitio Web
2005,2026-04-15,C096,P02,3,Distribuidor
2006,2025-04-08,C065,P03,2,Distribuidor
2007,2026-02-08,C010,P10,2,Distribuidor
2008,2025-03-05,C056,P11,3,Tienda Física
2009,2025-08-31,C038,P05,1,Sitio Web
2010,2026-02-07,C090,P14,1,Distribuidor
2011,2025-12-01,C041,P08,1,Sitio Web
2012,2025-08-28,C010,P04,5,Tienda Física
2013,2026-08-22,C014,P03,4,Tienda Física
2014,2025-06-18,C058,P08,1,Sitio Web
2015,2026-02-21,C016,P09,2,Sitio Web
2016,2025-08-01,C058,P05,4,Sitio Web
2017,2025-09-29,C110,P02,1,Tienda Física
2018,2025-06-11,C104,P11,2,Sitio Web
2019,2025-02-11,C028,P14,4,Sitio Web
2020,2025-06-01,C012,P12,1,Tienda Física
2021,2025-12-31,C051,P09,2,Tienda Física
2022,2025-11-03,C034,P14,1,Tienda Física
2023,2025-02-01,C052,P14,4,Sitio Web
2024,2026-07-24,C096,P09,5,Tienda Física
2025,2025-04-07,C060,P02,4,Tienda Física
2026,2025-05-05,C002,P01,1,Tienda Física
2027,2025-05-14,C026,P14,3,Sitio Web
2028,2026-01-17,C088,P11,3,Distribuidor
2029,2025-03-28,C075,P10,1,Sitio Web
2030,2025-03-18,C003,P02,3,Tienda Física
2031,2026-03-31,C104,P03,1,Tienda Física
2032,2025-12-06,C016,P01,2,Sitio Web
2033,2025-02-21,C022,P15,1,Distribuidor
2034,2026-03-20,C106,P12,1,Sitio Web
2035,2026-05-24,C004,P07,1,Distribuidor
2036,2026-03-13,C023,P06,2,Tienda Física
2037,2025-07-11,C036,P05,1,Sitio Web
2038,2025-06-02,C005,P10,2,Distribuidor
2039,2025-09-09,C083,P05,1,Sitio Web
2040,2026-02-26,C113,P09,1,Sitio Web
2041,2025-03-04,C012,P05,2,Sitio Web
2042,2025-05-21,C054,P04,3,Distribuidor
2043,2026-06-23,C032,P11,1,Distribuidor
2044,2025-01-20,C049,P13,2,Distribuidor
2045,2026-01-03,C062,P09,3,Sitio Web
2046,2025-12-19,C117,P10,2,Distribuidor
2047,2025-11-26,C050,P05,1,Tienda Física
2048,2025-01-27,C041,P10,1,Tienda Física
2049,2025-01-31,C115,P13,3,Sitio Web
2050,2025-03-01,C104,P08,1,Distribuidor
2051,2026-01-02,C099,P10,3,Tienda Física
2052,2025-06-13,C013,P04,2,Distribuidor
2053,2025-09-04,C035,P09,4,Distribuidor
2054,2025-02-27,C098,P04,3,Distribuidor
2055,2026-02-02,C046,P15,5,Tienda Física
2056,2025-06-30,C031,P10,1,Sitio Web
2057,2026-01-03,C117,P10,3,Tienda Física
2058,2025-12-27,C073,P10,1,Tienda Física
2059,2026-07-31,C025,P14,1,Sitio Web
2060,2026-07-10,C040,P03,2,Sitio Web
2061,2025-02-08,C012,P01,3,Tienda Física
2062,2025-08-13,C003,P09,5,Sitio Web
2063,2025-01-01,C043,P15,3,Distribuidor
2064,2025-07-26,C104,P03,1,Sitio Web
2065,2025-07-01,C118,P13,1,Sitio Web
2066,2025-03-02,C003,P03,2,Distribuidor
2067,2025-05-26,C100,P02,1,Distribuidor
2068,2026-01-09,C010,P06,1,Distribuidor
2069,2026-02-10,C076,P02,1,Sitio Web
2070,2025-11-06,C042,P03,1,Tienda Física
2071,2026-03-24,C102,P11,1,Sitio Web
2072,2025-11-21,C023,P12,1,Distribuidor
2073,2026-01-01,C029,P11,1,Distribuidor
2074,2025-06-29,C049,P05,1,Distribuidor
2075,2025-10-29,C017,P03,5,Distribuidor
2076,2025-01-02,C090,P10,1,Sitio Web
2077,2026-08-05,C005,P03,1,Distribuidor
2078,2025-11-22,C118,P13,2,Distribuidor
2079,2025-08-15,C082,P10,1,Tienda Física
2080,2026-05-24,C019,P06,4,Distribuidor
2081,2025-03-21,C031,P06,3,Sitio Web
2082,2025-06-21,C082,P15,1,Tienda Física
2083,2025-12-10,C058,P01,1,Sitio Web
2084,2025-08-03,C032,P12,3,Tienda Física
2085,2025-12-25,C033,P13,4,Tienda Física
2086,2025-01-02,C007,P07,1,Sitio Web
2087,2026-03-06,C022,P15,2,Sitio Web
2088,2026-05-20,C113,P07,1,Sitio Web
2089,2026-07-14,C049,P02,5,Sitio Web
2090,2026-08-15,C084,P13,1,Distribuidor
2091,2025-08-19,C021,P08,4,Tienda Física
2092,2025-02-04,C038,P01,2,Sitio Web
2093,2025-09-25,C014,P02,2,Sitio Web
2094,2025-06-24,C114,P07,2,Tienda Física
2095,2025-03-18,C071,P15,1,Tienda Física
2096,2025-12-13,C077,P10,1,Sitio Web
2097,2025-02-01,C056,P11,1,Tienda Física
2098,2026-03-21,C021,P01,1,Tienda Física
2099,2025-12-06,C027,P04,3,Sitio Web
2100,2026-07-22,C093,P15,1,Distribuidor
2101,2026-07-08,C034,P11,1,Sitio Web
2102,2025-11-01,C031,P02,4,Tienda Física
2103,2026-02-07,C074,P09,3,Sitio Web
2104,2025-06-07,C007,P06,4,Tienda Física
2105,2026-03-14,C012,P05,5,Distribuidor
2106,2026-05-07,C026,P02,1,Tienda Física
2107,2025-07-31,C022,P11,1,Sitio Web
2108,2025-03-25,C061,P14,3,Tienda Física
2109,2025-11-12,C101,P07,2,Sitio Web
2110,2026-05-16,C115,P11,1,Sitio Web
2111,2025-04-04,C083,P09,3,Sitio Web
2112,2025-07-09,C048,P15,1,Sitio Web
2113,2026-01-14,C024,P08,1,Tienda Física
2114,2025-09-27,C057,P08,2,Sitio Web
2115,2025-08-20,C108,P05,2,Distribuidor
2116,2025-03-05,C020,P13,2,Distribuidor
2117,2025-04-10,C011,P11,1,Sitio Web
2118,2026-07-09,C053,P13,3,Distribuidor
2119,2025-08-21,C071,P01,1,Sitio Web
2120,2026-06-20,C054,P09,1,Distribuidor
2121,2026-05-02,C074,P15,3,Tienda Física
2122,2026-05-03,C039,P02,4,Sitio Web
2123,2025-02-05,C065,P10,3,Distribuidor
2124,2026-08-09,C087,P10,3,Tienda Física
2125,2025-05-04,C097,P08,2,Tienda Física
2126,2025-06-21,C028,P13,2,Tienda Física
2127,2025-05-10,C006,P07,1,Tienda Física
2128,2026-03-22,C026,P14,1,Distribuidor
2129,2025-06-01,C107,P10,1,Sitio Web
2130,2025-11-24,C117,P12,1,Tienda Física
2131,2025-03-31,C050,P09,2,Sitio Web
2132,2026-07-20,C042,P14,1,Sitio Web
2133,2026-06-17,C059,P15,1,Tienda Física
2134,2026-06-20,C101,P07,1,Tienda Física
2135,2026-03-01,C020,P03,2,Distribuidor
2136,2026-08-20,C098,P02,1,Tienda Física
2137,2026-07-31,C100,P02,3,Sitio Web
2138,2026-07-03,C113,P06,1,Sitio Web
2139,2025-09-28,C050,P11,1,Sitio Web
2140,2026-08-09,C078,P08,2,Tienda Física
2141,2025-06-26,C036,P07,3,Tienda Física
2142,2026-02-16,C005,P07,1,Sitio Web
2143,2025-09-01,C007,P12,2,Sitio Web
2144,2025-10-03,C115,P06,2,Tienda Física
2145,2025-12-12,C105,P13,1,Sitio Web
2146,2025-11-15,C036,P14,3,Sitio Web
2147,2025-04-11,C112,P04,3,Tienda Física
2148,2025-11-04,C096,P08,2,Sitio Web
2149,2025-10-03,C094,P07,3,Distribuidor
2150,2025-04-02,C025,P08,3,Tienda Física
2151,2026-02-21,C095,P08,2,Distribuidor
2152,2026-01-18,C106,P01,3,Distribuidor
2153,2025-06-12,C009,P05,2,Distribuidor
2154,2026-06-03,C052,P03,2,Distribuidor
2155,2026-08-06,C004,P03,2,Tienda Física
2156,2025-07-25,C108,P01,3,Tienda Física
2157,2025-02-03,C059,P01,1,Sitio Web
2158,2025-07-23,C036,P06,3,Sitio Web
2159,2026-06-02,C051,P11,3,Tienda Física
2160,2025-02-01,C031,P06,1,Sitio Web
2161,2026-04-02,C023,P14,3,Sitio Web
2162,2026-08-24,C071,P06,1,Sitio Web
2163,2025-06-17,C108,P15,1,Sitio Web
2164,2025-04-03,C037,P01,2,Sitio Web
2165,2025-02-20,C021,P14,1,Distribuidor
2166,2025-08-08,C110,P04,3,Distribuidor
2167,2025-08-19,C087,P04,3,Sitio Web
2168,2026-02-24,C066,P01,2,Distribuidor
2169,2025-01-10,C061,P15,1,Tienda Física
2170,2025-06-27,C077,P13,1,Tienda Física
2171,2025-08-18,C033,P10,2,Sitio Web
2172,2025-10-09,C055,P15,5,Sitio Web
2173,2025-12-24,C059,P05,2,Tienda Física
2174,2026-04-23,C039,P11,1,Distribuidor
2175,2026-02-11,C075,P02,2,Tienda Física
2176,2026-06-08,C085,P14,2,Sitio Web
2177,2026-07-29,C083,P10,3,Distribuidor
2178,2025-10-17,C039,P11,1,Tienda Física
2179,2026-05-09,C009,P06,3,Sitio Web
2180,2025-11-29,C111,P05,2,Sitio Web
2181,2025-11-02,C025,P03,4,Distribuidor
2182,2025-09-04,C116,P01,1,Distribuidor
2183,2026-02-18,C085,P06,2,Distribuidor
2184,2025-05-24,C093,P01,4,Distribuidor
2185,2026-05-25,C038,P05,1,Sitio Web
2186,2026-02-19,C050,P12,4,Tienda Física
2187,2026-08-21,C091,P10,2,Tienda Física
2188,2025-12-18,C093,P12,1,Tienda Física
2189,2026-07-02,C082,P13,1,Sitio Web
2190,2026-01-03,C065,P05,2,Tienda Física
2191,2026-07-26,C024,P05,1,Tienda Física
2192,2026-04-28,C017,P12,2,Sitio Web
2193,2026-07-27,C098,P15,1,Tienda Física
2194,2025-12-10,C084,P02,2,Tienda Física
2195,2025-12-30,C029,P12,1,Sitio Web
2196,2026-03-07,C101,P15,3,Sitio Web
2197,2026-01-16,C034,P10,5,Sitio Web
2198,2026-04-20,C109,P02,4,Sitio Web
2199,2025-02-24,C111,P11,2,Distribuidor
2200,2026-08-18,C080,P02,1,Sitio Web
2201,2025-07-19,C065,P02,3,Distribuidor
2202,2026-01-26,C068,P05,1,Sitio Web
2203,2025-02-25,C112,P14,1,Tienda Física
2204,2025-05-21,C026,P06,1,Sitio Web
2205,2026-08-07,C115,P15,1,Sitio Web
2206,2025-05-27,C041,P14,3,Distribuidor
2207,2025-07-04,C100,P02,2,Sitio Web
2208,2025-12-07,C081,P03,1,Sitio Web
2209,2025-03-01,C001,P08,1,Sitio Web
2210,2025-08-03,C098,P13,5,Tienda Física
2211,2026-08-14,C098,P03,1,Sitio Web
2212,2025-04-01,C017,P10,1,Sitio Web
2213,2026-03-16,C052,P07,1,Sitio Web
2214,2026-01-28,C001,P01,3,Distribuidor
2215,2025-07-24,C094,P06,2,Tienda Física
2216,2025-11-26,C097,P14,1,Distribuidor
2217,2025-07-15,C003,P11,1,Tienda Física
2218,2025-09-12,C029,P12,2,Sitio Web
2219,2025-11-16,C017,P02,2,Sitio Web
2220,2026-05-31,C076,P05,1,Tienda Física
2221,2025-03-08,C106,P01,4,Sitio Web
2222,2025-10-25,C059,P12,1,Distribuidor
2223,2026-06-21,C044,P07,1,Distribuidor
2224,2025-05-18,C044,P15,4,Sitio Web
2225,2026-01-03,C097,P04,1,Tienda Física
2226,2026-02-18,C003,P04,2,Tienda Física
2227,2025-05-15,C028,P12,1,Tienda Física
2228,2026-06-01,C022,P02,1,Sitio Web
2229,2025-02-08,C049,P15,5,Distribuidor
2230,2025-09-19,C099,P09,1,Distribuidor
2231,2025-02-19,C077,P01,3,Distribuidor
2232,2025-04-21,C084,P14,1,Tienda Física
2233,2025-02-19,C089,P02,1,Sitio Web
2234,2026-03-31,C049,P02,1,Distribuidor
2235,2025-09-16,C061,P12,2,Tienda Física
2236,2025-07-30,C089,P11,1,Distribuidor
2237,2025-01-10,C039,P07,3,Distribuidor
2238,2025-04-14,C085,P09,1,Sitio Web
2239,2025-05-21,C054,P14,4,Tienda Física
2240,2026-06-08,C093,P10,1,Tienda Física
2241,2025-10-17,C015,P13,3,Tienda Física
2242,2026-05-25,C026,P10,3,Tienda Física
2243,2025-09-27,C107,P09,3,Tienda Física
2244,2026-01-02,C091,P07,3,Sitio Web
2245,2025-06-14,C006,P09,3,Sitio Web
2246,2025-08-01,C089,P15,2,Sitio Web
2247,2025-12-05,C031,P01,1,Tienda Física
2248,2025-04-02,C117,P02,1,Distribuidor
2249,2026-05-21,C020,P02,4,Distribuidor
2250,2025-03-18,C093,P12,2,Tienda Física
2251,2025-09-20,C083,P04,3,Sitio Web
2252,2025-10-31,C034,P08,1,Tienda Física
2253,2025-04-13,C105,P03,1,Tienda Física
2254,2025-10-25,C047,P13,1,Distribuidor
2255,2025-11-17,C055,P12,2,Tienda Física
2256,2025-04-08,C109,P13,1,Tienda Física
2257,2025-01-10,C110,P03,1,Distribuidor
2258,2025-06-24,C043,P06,1,Sitio Web
2259,2025-10-02,C113,P12,1,Tienda Física
2260,2026-01-17,C105,P06,2,Tienda Física
2261,2025-04-27,C052,P07,1,Sitio Web
2262,2025-10-06,C107,P07,3,Distribuidor
2263,2026-05-05,C103,P07,1,Distribuidor
2264,2025-06-20,C015,P03,1,Distribuidor
2265,2025-03-02,C109,P03,1,Tienda Física
2266,2026-03-03,C117,P10,1,Sitio Web
2267,2026-08-06,C087,P08,1,Tienda Física
2268,2026-01-24,C100,P06,1,Distribuidor
2269,2025-01-30,C111,P11,2,Distribuidor
2270,2025-05-14,C062,P15,1,Sitio Web
2271,2025-04-26,C114,P07,2,Sitio Web
2272,2025-02-17,C009,P05,3,Distribuidor
2273,2025-11-18,C002,P12,3,Distribuidor
2274,2026-06-22,C099,P12,1,Distribuidor
2275,2026-08-02,C029,P11,1,Sitio Web
2276,2026-06-16,C067,P12,1,Distribuidor
2277,2025-04-08,C056,P11,1,Distribuidor
2278,2025-09-12,C062,P06,5,Distribuidor
2279,2026-01-30,C020,P14,1,Distribuidor
2280,2025-02-25,C002,P11,1,Tienda Física
2281,2026-06-02,C109,P08,2,Sitio Web
2282,2025-06-19,C010,P13,2,Sitio Web
2283,2025-11-25,C031,P06,2,Sitio Web
2284,2025-02-21,C065,P04,1,Distribuidor
2285,2026-01-23,C052,P14,1,Tienda Física
2286,2025-03-22,C059,P08,2,Distribuidor
2287,2026-04-04,C012,P14,1,Sitio Web
2288,2026-04-03,C041,P02,1,Sitio Web
2289,2025-01-19,C014,P07,1,Sitio Web
2290,2025-02-06,C072,P09,1,Tienda Física
2291,2025-04-04,C102,P10,1,Distribuidor
2292,2025-11-08,C114,P09,1,Distribuidor
2293,2025-07-31,C084,P11,2,Sitio Web
2294,2025-12-16,C047,P14,2,Tienda Física
2295,2025-08-17,C109,P08,3,Sitio Web
2296,2026-07-28,C099,P10,1,Distribuidor
2297,2026-04-30,C092,P11,1,Sitio Web
2298,2026-04-09,C015,P02,1,Distribuidor
2299,2025-08-16,C001,P06,2,Sitio Web
2300,2025-10-26,C071,P09,2,Sitio Web
2301,2025-04-19,C006,P15,1,Tienda Física
2302,2026-05-20,C018,P14,4,Distribuidor
2303,2026-02-24,C014,P05,1,Distribuidor
2304,2025-07-20,C025,P02,2,Sitio Web
2305,2025-08-09,C059,P14,2,Tienda Física
2306,2025-12-13,C014,P13,3,Sitio Web
2307,2025-02-17,C119,P11,2,Distribuidor
2308,2025-05-07,C099,P15,3,Sitio Web
2309,2026-04-14,C085,P10,1,Distribuidor
2310,2025-05-18,C064,P01,3,Distribuidor
2311,2025-02-19,C071,P15,1,Sitio Web
2312,2026-08-23,C062,P15,3,Distribuidor
2313,2025-07-01,C089,P10,2,Tienda Física
2314,2025-05-12,C014,P07,3,Distribuidor
2315,2025-11-26,C065,P15,1,Sitio Web
2316,2026-03-05,C078,P15,2,Distribuidor
2317,2025-09-12,C036,P07,2,Sitio Web
2318,2025-10-29,C058,P13,2,Tienda Física
2319,2025-05-22,C053,P10,1,Distribuidor
2320,2026-06-09,C039,P14,1,Distribuidor
2321,2026-07-15,C111,P06,1,Distribuidor
2322,2026-07-21,C081,P04,1,Tienda Física
2323,2025-08-03,C080,P12,3,Sitio Web
2324,2025-12-20,C118,P11,1,Tienda Física
2325,2025-07-02,C065,P09,5,Distribuidor
2326,2025-11-27,C091,P02,1,Sitio Web
2327,2026-07-30,C062,P10,1,Distribuidor
2328,2026-03-04,C087,P12,3,Distribuidor
2329,2025-10-20,C113,P14,2,Sitio Web
2330,2025-01-14,C067,P02,1,Tienda Física
2331,2026-01-26,C019,P01,2,Distribuidor
2332,2025-02-27,C026,P05,2,Tienda Física
2333,2025-10-21,C088,P05,1,Tienda Física
2334,2025-03-05,C089,P13,5,Sitio Web
2335,2025-07-28,C097,P09,5,Tienda Física
2336,2026-01-03,C105,P08,2,Tienda Física
2337,2026-07-30,C111,P04,1,Distribuidor
2338,2026-07-29,C050,P04,2,Distribuidor
2339,2025-10-22,C089,P11,1,Tienda Física
2340,2026-01-26,C050,P07,1,Distribuidor
2341,2025-11-17,C071,P01,1,Tienda Física
2342,2025-09-15,C026,P10,1,Sitio Web
2343,2025-08-19,C117,P11,3,Distribuidor
2344,2026-01-12,C097,P10,2,Distribuidor
2345,2025-07-21,C100,P12,2,Tienda Física
2346,2025-10-29,C058,P03,1,Distribuidor
2347,2025-03-18,C024,P03,1,Distribuidor
2348,2026-06-11,C016,P07,1,Tienda Física
2349,2026-03-15,C036,P09,5,Sitio Web
2350,2025-05-14,C021,P10,1,Sitio Web
2351,2025-01-06,C043,P08,3,Distribuidor
2352,2025-06-08,C006,P03,2,Sitio Web
2353,2025-02-22,C100,P15,1,Distribuidor
2354,2025-11-05,C063,P13,2,Distribuidor
2355,2026-07-18,C046,P02,1,Distribuidor
2356,2025-11-22,C068,P04,3,Tienda Física
2357,2026-06-18,C009,P13,4,Distribuidor
2358,2025-06-13,C054,P09,1,Distribuidor
2359,2026-02-18,C012,P06,1,Tienda Física
2360,2025-08-07,C085,P06,2,Sitio Web
2361,2026-01-05,C038,P04,4,Distribuidor
2362,2026-06-28,C061,P09,1,Distribuidor
2363,2025-01-10,C015,P11,2,Sitio Web
2364,2026-04-02,C031,P15,2,Distribuidor
2365,2025-09-07,C006,P11,2,Sitio Web
2366,2026-01-26,C118,P13,1,Tienda Física
2367,2026-01-31,C033,P09,2,Distribuidor
2368,2025-10-17,C004,P15,4,Distribuidor
2369,2026-01-19,C066,P13,1,Distribuidor
2370,2026-04-02,C063,P01,1,Sitio Web
2371,2025-07-17,C042,P09,5,Tienda Física
2372,2025-04-09,C022,P13,1,Distribuidor
2373,2026-07-01,C001,P11,3,Tienda Física
2374,2025-08-04,C086,P11,1,Tienda Física
2375,2026-03-11,C107,P02,1,Tienda Física
2376,2026-07-05,C107,P12,3,Distribuidor
2377,2026-03-22,C083,P14,1,Tienda Física
2378,2025-06-07,C004,P08,2,Distribuidor
2379,2025-12-06,C005,P02,1,Tienda Física
2380,2025-02-25,C023,P13,2,Sitio Web
2381,2026-07-26,C010,P10,1,Tienda Física
2382,2025-09-22,C053,P07,1,Sitio Web
2383,2026-02-19,C056,P06,4,Tienda Física
2384,2026-02-03,C087,P02,1,Distribuidor
2385,2025-01-07,C083,P12,2,Distribuidor
2386,2025-03-06,C097,P12,1,Distribuidor
2387,2025-02-16,C090,P14,3,Tienda Física
2388,2026-01-02,C119,P09,1,Tienda Física
2389,2025-10-24,C101,P11,4,Sitio Web
2390,2025-03-30,C037,P13,1,Sitio Web
2391,2026-01-26,C051,P14,1,Distribuidor
2392,2025-02-01,C061,P03,1,Distribuidor
2393,2025-08-14,C018,P12,1,Sitio Web
2394,2026-07-13,C038,P11,2,Tienda Física
2395,2025-11-02,C087,P15,1,Distribuidor
2396,2026-01-18,C002,P09,3,Distribuidor
2397,2025-05-25,C016,P01,1,Tienda Física
2398,2026-08-10,C077,P07,1,Distribuidor
2399,2026-07-15,C011,P05,2,Tienda Física
2400,2025-12-19,C028,P07,2,Distribuidor
2401,2026-06-09,C019,P03,1,Tienda Física
2402,2025-08-15,C079,P14,1,Sitio Web
2403,2025-07-18,C015,P03,1,Distribuidor
2404,2026-08-04,C110,P01,2,Distribuidor
2405,2026-04-18,C083,P09,2,Tienda Física
2406,2025-10-25,C086,P02,1,Sitio Web
2407,2025-04-11,C026,P12,3,Distribuidor
2408,2026-05-14,C043,P06,3,Tienda Física
2409,2025-08-29,C013,P05,2,Distribuidor
2410,2025-03-13,C116,P04,3,Sitio Web
2411,2026-05-13,C058,P06,1,Distribuidor
2412,2025-11-10,C089,P10,1,Tienda Física
2413,2026-08-03,C073,P06,1,Sitio Web
2414,2026-03-15,C022,P01,1,Sitio Web
2415,2025-09-10,C101,P04,2,Distribuidor
2416,2026-03-23,C036,P14,4,Sitio Web
2417,2025-05-18,C087,P12,1,Sitio Web
2418,2026-05-07,C060,P08,1,Sitio Web
2419,2025-11-09,C063,P09,1,Tienda Física
2420,2025-06-29,C083,P10,4,Tienda Física
2421,2025-10-15,C110,P14,1,Tienda Física
2422,2026-07-06,C026,P05,2,Distribuidor
2423,2025-03-20,C094,P02,1,Tienda Física
2424,2026-06-04,C081,P01,1,Distribuidor
2425,2026-08-16,C052,P13,5,Distribuidor
2426,2025-08-06,C117,P01,4,Distribuidor
2427,2025-09-24,C070,P15,1,Distribuidor
2428,2026-04-29,C084,P13,4,Tienda Física
2429,2026-01-10,C051,P04,2,Distribuidor
2430,2025-10-25,C018,P08,3,Distribuidor
2431,2026-06-07,C012,P07,1,Sitio Web
2432,2026-05-30,C002,P11,2,Tienda Física
2433,2025-06-19,C097,P09,1,Tienda Física
2434,2026-04-02,C021,P03,2,Distribuidor
2435,2026-08-03,C085,P14,1,Tienda Física
2436,2026-05-11,C046,P01,1,Tienda Física
2437,2026-05-15,C030,P02,1,Sitio Web
2438,2026-01-14,C030,P01,2,Distribuidor
2439,2025-07-31,C067,P15,1,Sitio Web
2440,2026-02-02,C061,P15,2,Sitio Web
2441,2025-02-17,C006,P11,4,Sitio Web
2442,2025-04-16,C091,P09,1,Distribuidor
2443,2025-10-08,C107,P12,2,Sitio Web
2444,2026-08-16,C070,P10,1,Tienda Física
2445,2026-01-21,C084,P07,3,Sitio Web
2446,2025-03-21,C067,P05,1,Sitio Web
2447,2025-08-17,C067,P07,2,Sitio Web
2448,2025-12-20,C063,P13,3,Sitio Web
2449,2025-01-07,C065,P15,4,Tienda Física
2450,2026-03-27,C022,P04,2,Tienda Física
2451,2026-06-11,C083,P05,1,Tienda Física
2452,2025-06-03,C024,P03,2,Sitio Web
2453,2025-05-02,C085,P04,3,Sitio Web
2454,2025-12-05,C093,P02,2,Sitio Web
2455,2026-05-06,C062,P04,1,Distribuidor
2456,2025-06-15,C083,P14,4,Sitio Web
2457,2025-01-23,C032,P01,2,Tienda Física
2458,2026-08-11,C076,P03,2,Tienda Física
2459,2026-06-09,C006,P15,1,Distribuidor
2460,2025-05-31,C008,P03,2,Sitio Web
2461,2025-07-04,C067,P07,1,Distribuidor
2462,2026-08-01,C082,P01,2,Distribuidor
2463,2025-10-18,C011,P04,1,Sitio Web
2464,2026-04-28,C112,P08,2,Tienda Física
2465,2025-08-13,C107,P07,5,Distribuidor
2466,2025-05-27,C102,P10,1,Tienda Física
2467,2026-06-08,C034,P03,5,Distribuidor
2468,2025-12-17,C119,P08,1,Distribuidor
2469,2025-03-12,C030,P07,3,Sitio Web
2470,2025-05-16,C014,P01,3,Tienda Física
2471,2026-06-20,C111,P15,2,Distribuidor
2472,2026-03-06,C106,P03,2,Distribuidor
2473,2025-04-09,C023,P08,3,Distribuidor
2474,2025-02-09,C113,P13,1,Distribuidor
2475,2026-05-31,C097,P02,1,Tienda Física
2476,2026-05-09,C085,P03,2,Distribuidor
2477,2026-07-07,C106,P01,3,Distribuidor
2478,2026-03-18,C067,P07,3,Sitio Web
2479,2025-02-14,C090,P09,3,Sitio Web
2480,2025-08-23,C103,P08,1,Sitio Web
2481,2025-12-25,C076,P13,3,Distribuidor
2482,2026-08-13,C013,P07,1,Tienda Física
2483,2025-09-18,C062,P13,2,Tienda Física
2484,2025-03-27,C037,P10,1,Distribuidor
2485,2026-02-23,C033,P04,1,Tienda Física
2486,2025-01-08,C074,P09,1,Tienda Física
2487,2026-06-17,C001,P07,1,Distribuidor
2488,2025-07-30,C089,P13,2,Sitio Web
2489,2026-02-23,C047,P02,1,Tienda Física
2490,2026-03-13,C084,P10,1,Sitio Web
2491,2025-09-25,C110,P09,1,Sitio Web
2492,2026-08-02,C047,P10,1,Sitio Web
2493,2026-02-11,C097,P04,1,Sitio Web
2494,2026-07-20,C101,P09,1,Sitio Web
2495,2025-07-03,C048,P09,2,Distribuidor
2496,2026-05-11,C033,P05,2,Distribuidor
2497,2025-12-19,C100,P12,2,Sitio Web
2498,2025-05-22,C110,P14,1,Distribuidor
2499,2025-05-02,C096,P04,1,Sitio Web
2500,2025-06-15,C013,P04,3,Distribuidor
